"type","key","count"
"topic","math6.geometry.points_lines_segments","411"
"topic","math6.number.natural_operations","201"
"topic","math6.number.divisibility","124"
"topic","math6.number.sets_natural_numbers","115"
"topic","math6.advanced.divisibility_hsg","92"
"topic","math6.number.prime_factor_gcd_lcm","85"
"topic","math6.geometry.angles","59"
"topic","math6.number.integers_intro","54"
"topic","math6.number.powers_order_operations","36"
"topic","math6.number.decimal_percent","35"
"topic","math6.number.fraction_operations","29"
"topic","math6.number.fraction_foundation","20"
"topic","math6.number.fraction_three_basic_problems","9"
"level","foundation","540"
"level","application","375"
"level","core","242"
"level","advanced","72"
"level","hsg","41"
"source","Bai tap danh cho hoc sinh lop 6 tu hoc.doc","172"
"source","30DeHSGToan6.doc","142"
"source","de-kiem-tra-hoc-ki-1-mon-toan-lop-6.doc","119"
"source","bai-tap-toan-lop-6-so-nguyen.doc","63"
"source","Toan 6 ki 1.doc","60"
"source","10 de-kiem-tra-thu-ki-II-mon-toan6.doc","49"
"source","bai-tap-toan-lop-6-so-chinh-phuong.doc","32"
"source","Bo - De-KS-daunam-2011-2012-kimDongTHCS-Toan.DOC","30"
"source","Bo - de-on-tap-hoc-ki-2-mon-toan-lop-6-nam-hoc-2014-2015.doc","28"
"source","Ôn thi cuối kì 1/79878795786988.doc","28"
"source","de-cuong-on-tap-he-mon-toan-lop-6.doc","27"
"source","bai-tap-toan-lop-6-cac-dang-bai-tap-co-ban-ve-so-tu-nhien.doc","25"
"source","CHUYÊN-ĐỀ-UCLN  - BC NN.doc","21"
"source","Chuyên đề 5. Số nguyên tố.doc","19"
"source","chuyên-đề-hỗn-số-số-thập-phân-phần-trăm.doc","19"
"source","Chuyên đề 4. Dấu hiệu chia hết lớp 6.doc","18"
"source","bai-tap-chuyen-de-tap-hop.doc","17"
"source","Ôn thi cuối kì 1/de-cuong-on-tap-toan-6-hoc-ki-1_44655.doc","17"
"source","De-thi-Tuyen-sinh-lop6-Nguyen-Tri-Phuong-2012.doc","16"
"source","Chuyên đề. Trung điểm đoạn thẳng.doc","15"
"source","Bai tap UOC VA BOI Mai Xuan Trong.doc","14"
"source","Ôn thi cuối kì 1/Đề thi cuối kì 1.doc","13"
"source","bai-tap-tim-chu-so-tan-cung.doc","12"
"source","Chuyên đề 1 tập hợp.doc","12"
"source","Chuyên đề. Đoạn thẳng. Độ dài đoạn thẳng.doc","12"
"source","chuyen-de-cac-bai-toan-ve-su-chia-het-cua-so-nguyen.doc","12"
"source","de-khao-sat-chat-luong-dau-nam-lop-6-mon-toan-nam-2013-2014-truong-thcs-binh-minh.doc","12"
"source","Chuyên đề 2. Các phép toán lớp 6.doc","11"
"source","de-kscl-dau-nam-toan-6-nam-2014-2015-thcs-xuan-duong.doc","11"
"source","Luy thua/Chuyên đề 3. Lũy thừa(4 sửa).docx","11"
"source","de-kiem-tra-giua-ki-1-mon-toan-lop-6-nam-2015-2016-phong-gd-luc-ngan (1).doc","10"
"source","de-kiem-tra-giua-ki-1-mon-toan-lop-6-nam-2015-2016-phong-gd-luc-ngan.doc","10"
"source","de-kiem-tra-hoc-ki-1-mon-toan-lop-6-nam-2014-2015-huyen-binh-giang.doc","10"
"source","de-kscl-dau-nam-lop-6-toan-nam-2013-2014-phong-gd-dt-duc-tho.doc","10"
"source","De-Olympic-ThanhOai-Toan6.doc","10"
"source","[123doc.vn] - luyen-tap-phan-tich-ra-thua-so-nguyen-to.doc","9"
"source","Chuyên đề 3. Lũy thừa.doc","9"
"source","de-thi-violimpic-lop-6-nam-hoc-2014-2015.doc","9"
"source","Chuyên đề. Tia. Hai tia đối nhau.doc","8"
"source","de-kiem-tra-hoc-ki-1-toan-6-hai-lang-nam-2013-2014.doc","8"
"source","de-kscl-dau-nam-lop-6-mon-toan-2013-2014-thcs-quat-dong.doc","8"
"source","de-thi-hk-1-mon-toan-lop-6-nam-2013-2014-huyen-long-my.doc","8"
"source","4444444444444444.doc","7"
"source","công tru so nguyen/Ôn tập cộng trừ số nguyên.doc","7"
"source","công tru so nguyen/Phép-cộng-số-nguyên-btvn-lớp-6.docx","7"
"source","de-kiem-tra-hk-1-mon-toan-lop-6-nam-2014-2015-thcs-thi-tran-trang-bang.doc","7"
"source","de-ktra-giua-hk-mon-toan-lop-6-truong-nhan-my.doc","7"
"source","de-thi-khao-sat-chat-luong-dot-1-mon-toan-lop-6-truong-thcs-ngu-lao-nam-2015-2016.doc","7"
"source","Giải-các-bài-toán-bằng-việc-tìm-UCLN.dot","7"
"source","Ktra giua ky 1.doc","7"
"source","Chuyên đề. Điểm. Đường thẳng.doc","6"
"source","công tru so nguyen/Phép-tru-số-nguyên lớp-6 .docx","6"
"source","dau hieu chia het/Dau hieu chia het.docx","6"
"source","de-kscl-dau-nam-lop-6-toan-nam-2014-2015-truong-thcs-ngo-may.doc","6"
"source","de-kscl-giua-ky-mon-toan-lop-6.doc","6"
"source","44444.docx","5"
"source","de-kiem-tra-giua-ki-1-mon-toan-lop-6-nam-2014-2015-huyen-viet-yen (1).doc","5"
"source","de-kiem-tra-giua-ki-1-mon-toan-lop-6-nam-2014-2015-huyen-viet-yen.doc","5"
"source","ktr giua ky 1.doc","5"
"source","de-kiem-tra-giua-ki-1-mon-toan-lop-6-thcs-hong-duong.doc","4"
"source","de-thi-hsg-toan6-huyen-viet-tri-2014-2015.doc","4"
"source","Chuyên đề. Phân số.doc","3"
"source","dau hieu chia het/Mot so dang toan chia het Lop 6.doc","3"
"source","Tim ước và tính ước...doc","3"
"source","de-thi-hoc-ki-1-mon-toan-6-nam-2013-2014-trieu-phong.doc","1"
